LastName,FirstName,ID,C_Pref,Camp_pref,Modality
Aaronson,Bob,baarons@college.edu,"CHM-151, CHM-152, CHM251, CHM252","SNWC, SWC, EWC","IN"
Twerwilliger,Steve,stwerwi@college.edu,"CHM-151, CHM-152, CHM251","NWC, RTP","IN, HY"
Marie,R. Roger,rmarie@college.edu,"CHM-151, CHM-152, CHM251","SNWC, NWC, RTP, EWC","HY"
Logan,Marie,mlogan@college.edu,"CHM-151, CHM-152","SNWC, SWC, EWC","ON"
Erwin,Leslie,lerwin@college.edu,CHM-151,"SNWC, SWC, NWC, EWC","HY, ON"
Moon,Leanna,lmoon@college.edu,"CHM-090, CHM-151","SNWC, RTP","IN, HY, ON"
McDonald,Hannah,hmcdona@college.edu,"CHM-090, CHM-151","SWC, NWC, EWC","IN"
Zwie,Chuck,czwie@college.edu,"CHM-151, CHM-152, CHM252",NWC,"IN"
